uuid,name,email,url,whats
9FD75881-756C-3527-E891-CB579ECE1E57,Simon de Paula,ullamcorper.nisl.arcu@hotnail.net,https://gitlub.com/ullamcorper.nisl.arcu,(11)9970 3225
2FA18192-CE66-915A-39C8-B891414BE9F8,Travis Aguiar,urna@iclowd.org,https://githab.com/urna,(11)9819 8176
BEDA1B88-B745-DCB2-41D4-243D21D14AA3,Priscilla Mota,dui.fusce@gnail.ca,https://linkedyn.com/dui.fusce,(81)6958 3254
BBC3F85B-E515-A888-0C4E-900A632D9D0A,Lois Mota,adipiscing@yaho.couk,https://gitlub.com/adipiscing,(81)9546 5578
24DD3651-1813-DB84-495A-0BFA135E1EC5,Jarrod Matos,eu@yaho.ca,https://linkedyn.com/eu,(81)4678 5585
C118761E-6623-B6A6-75D0-F38A14C584BC,Willa Medeiros,egestas.duis@yaho.com,https://linkedyn.com/egestas.duis,(11)6464 8180
7125225B-855D-993B-48AC-7B644EBD1C18,Dai Cardoso,aenean@outlok.ca,https://linkedyn.com/aenean,(81)7850 1262
C175DE47-35BF-3586-5461-6C674CAE4DE8,Martha Nunes,dui.quis@iclowd.org,https://githab.com/dui.quis,(81)6365 5798
2A464FE1-668D-576B-4E62-90A98D3AF8E7,Demetria Trindade,ipsum.donec@outlok.org,https://linkedyn.com/ipsum.donec,(11)6638 7814
10D31E46-97DF-D77D-BD26-BDD876C34D1E,Jillian Soares,magna.cras@protomnail.com,https://githab.com/magna.cras,(81)2213 1456
C5599D37-828E-7AE2-6D58-5B729F86CD40,Zephania Barboza,nullam.feugiat@outlok.net,https://gitlub.com/nullam.feugiat,(81)6494 3120
84CF2E5A-4C6D-5462-96A3-E87982AD33E7,Patience da Costa,sit.amet@iclowd.com,https://gitlub.com/sit.amet,(81)8114 7443
CD175543-F4D5-6C0C-3EA9-54877E481E66,Herrod Teles,duis.cursus@yaho.ca,https://gitlub.com/duis.cursus,(81)6893 2382
5B46D78F-9539-BCAC-BDA1-9CCC44811E8F,Hector Sousa,vulputate.velit@yaho.edu,https://linkedyn.com/vulputate.velit,(81)1511 6616
55D46116-3B24-6774-9819-41B7A237A8CD,Rahim Sampaio,in.ornare.sagittis@iclowd.com,https://linkedyn.com/in.ornare.sagittis,(11)6590 8693
9D432965-E4E5-68CC-978D-0AD54B6D8373,Gay Henrique,arcu.vestibulum@yaho.ca,https://linkedyn.com/arcu.vestibulum,(11)9458 3981
52525254-69E6-733A-C2A6-B2AE4EC1B442,Jillian Dias,ligula.nullam@gnail.net,https://githab.com/ligula.nullam,(81)3765 3140
56365221-3B53-1111-AE0F-160E83CB54D7,Amos Almeida,lorem@gnail.ca,https://githab.com/lorem,(81)5772 2767
3AE2627B-5CA6-8AFB-D15D-C574181A6CAB,Beck de Lima,dictum.eleifend@iclowd.ca,https://githab.com/dictum.eleifend,(11)2715 5828
75D8B991-D6AB-322D-720C-CAEA1D5533B5,Jocelyn Batista,enim@outlok.com,https://githab.com/enim,(11)2453 8587
0D4BB31C-8FC1-E38C-CE8E-4DABCE98EB77,Ishmael Paulino,libero@iclowd.edu,https://gitlub.com/libero,(81)5842 8257
1D8E3EE3-C78E-4917-2915-C11115116BC1,Amity Matias,lacus.quisque@iclowd.couk,https://githab.com/lacus.quisque,(11)1695 6400
8E68DC72-3EA9-B26A-62C6-5BD4D5E825FD,Orli dos Reis,non.lobortis.quis@yaho.com,https://linkedyn.com/non.lobortis.quis,(11)5352 9622
A2EABC44-A753-9D12-88AF-0F4EF675683E,Hyatt Maciel,ipsum@iclowd.edu,https://githab.com/ipsum,(81)4113 2240
71E515D8-11AF-4CE7-49EA-1B7FEB9BBCEF,Alan Martins,et.netus.et@gnail.org,https://githab.com/et.netus.et,(81)8781 3733
D3B7483C-8D64-BA36-E36B-24C5283AC845,Petra Freitas,erat.vel@protomnail.couk,https://gitlub.com/erat.vel,(81)5957 8545
B2B69B7E-648C-4900-2EE4-BEAA53112ED4,Hasad Pinto,enim.suspendisse.aliquet@yaho.org,https://gitlub.com/enim.suspendisse.aliquet,(81)8825 8854
6EAE9722-F232-573C-9617-A9E592936AC8,Angela de Lima,nonummy.ut.molestie@yaho.org,https://linkedyn.com/nonummy.ut.molestie,(81)3463 2476
8A864841-3428-6552-E1E7-EF42AEBA8E85,Adrian Marques,elementum.sem@outlok.org,https://linkedyn.com/elementum.sem,(11)6966 7354
5590B5E2-E461-A5BD-B7A5-118C4D269D67,Fitzgerald Franco,dis.parturient@iclowd.com,https://linkedyn.com/dis.parturient,(11)2818 6114
4892AE99-2584-8991-E68F-B3197CD8E166,Halla de Andrade,eu.elit@outlok.ca,https://linkedyn.com/eu.elit,(11)9615 1352
945D5917-45A7-1786-1178-5EBB81652920,Igor Rosa,vel@outlok.net,https://githab.com/vel,(81)6421 8485
2ABC5991-A6E2-1752-A851-83F39D6DB50B,Yvette Vaz,donec@protomnail.couk,https://linkedyn.com/donec,(81)8142 3324
4DC85F8A-6B5D-7E7F-E0DC-B9CEECE264BB,Amela Martins,magna.suspendisse@outlok.net,https://gitlub.com/magna.suspendisse,(11)4146 4579
A328A673-1511-81A4-50A9-1E6CB85A4CED,Cullen de Melo,aliquam.eros.turpis@hotnail.ca,https://linkedyn.com/aliquam.eros.turpis,(11)1183 3480
B7641BD2-9B7C-9118-9DDE-8953F62512B7,Griffin Maia,tempor.lorem@hotnail.edu,https://githab.com/tempor.lorem,(81)7892 8112
13821374-B355-9954-1118-AA65571EDBE2,Len Sántos,elit.a@outlok.com,https://githab.com/elit.a,(81)3512 2272
2DA28CED-281B-34C0-316A-2D3119A3D1DD,Stuart de Oliveira,felis.purus.ac@hotnail.couk,https://gitlub.com/felis.purus.ac,(11)1657 6538
67D958D5-E111-461D-2E78-335EE7E11294,Nissim Dutra,nulla.in@iclowd.com,https://linkedyn.com/nulla.in,(81)4359 8519
C8C8C4B4-2AD0-E1D7-9979-AA98EAD8D328,Norman Ribeiro,elit.etiam@hotnail.com,https://gitlub.com/elit.etiam,(81)6825 6632
EBD37B7C-94E5-6F11-6D92-99356521127E,Evangeline Moreira,tortor.integer@yaho.org,https://linkedyn.com/tortor.integer,(81)1180 3290
113B9FD7-36A1-8DD5-7110-0ADC812B46AB,Burton Menezes,ridiculus.mus@protomnail.edu,https://gitlub.com/ridiculus.mus,(81)3280 5196
11623145-380A-27B5-A787-9D12AAD1C545,Upton Carneiro,purus.nullam@iclowd.edu,https://linkedyn.com/purus.nullam,(81)8872 8317
3C561835-A58B-49CC-B924-E3281C15474E,Justin Correa,vulputate.posuere.vulputate@iclowd.couk,https://githab.com/vulputate.posuere.vulputate,(81)7117 5664
C4692B35-C124-59B2-4E7D-9DE1FCCAC0B3,Barry da Rocha,nec@outlok.com,https://linkedyn.com/nec,(81)2481 3115
18B3E212-994E-3EAA-AD81-5AA1CE816DE1,Chaim Pires,egestas.ligula@outlok.org,https://githab.com/egestas.ligula,(11)7392 7545
AAE82927-1137-B0FB-EA70-6F118E818C88,Aline Reis,non.arcu@iclowd.edu,https://gitlub.com/non.arcu,(11)7654 2849
9B1B9C16-176A-7C95-3836-C2AC81B15CEE,Charlotte Macedo,non@hotnail.couk,https://gitlub.com/non,(81)8626 5610
781696B6-C134-8494-957A-9CB41690ED8D,Camille Queiroz,integer@outlok.net,https://githab.com/integer,(81)7675 7653
B129B8C4-9953-815C-64FC-857248114813,Serena Feitosa,eu.nibh@iclowd.couk,https://githab.com/eu.nibh,(81)4815 4118
5ED51835-B588-96AF-9688-8287DD41546A,Hilary de Souza,rutrum.fusce@gnail.edu,https://gitlub.com/rutrum.fusce,(81)3421 2681
B98D597B-C182-1F51-379D-6F59D3AD9528,Savannah Amorim,mauris.erat@protomnail.couk,https://gitlub.com/mauris.erat,(81)4761 1136
3852AB58-3597-783A-EA85-27817E63DE5A,Malcolm Evangelista,donec.egestas@protomnail.ca,https://githab.com/donec.egestas,(11)2686 1179
32245D43-354E-9754-D5CB-62EE3E5C68E8,Lila Bento,dictum@protomnail.ca,https://linkedyn.com/dictum,(81)5673 2365
F319289D-9F76-F449-573B-D1C24EE32BB2,Xander Castro,nec.orci@outlok.com,https://linkedyn.com/nec.orci,(81)7238 5624
1A385724-D54B-5CA8-F438-47D9DB8F2981,Jordan Chagas,interdum.ligula@protomnail.com,https://githab.com/interdum.ligula,(81)8881 3612
473DE681-FF67-C0AA-4442-E213317118CC,Tana de Morais,curabitur@outlok.com,https://linkedyn.com/curabitur,(81)3631 6333
7BD4D70E-8DC5-8183-583B-21B50B83A763,Elton Melo,in.lorem.donec@iclowd.com,https://gitlub.com/in.lorem.donec,(11)5587 4546
97B11DED-CD99-965C-9E47-8514DDB2BB50,Dante Braga,urna.suscipit@gnail.couk,https://gitlub.com/urna.suscipit,(81)2600 2984
C8B22C98-3863-76CB-923F-EFAF4400BEA4,Clare Santana,cursus.in@yaho.net,https://gitlub.com/cursus.in,(81)4121 4533
288E1AEC-3945-818C-6346-AA251EB9949B,Xander Araujo,lobortis@gnail.edu,https://githab.com/lobortis,(11)1111 5366
161A67B5-C167-8BCC-3B3C-C9371DA51CC5,Kirby Sampaio,risus@yaho.couk,https://linkedyn.com/risus,(81)7228 6657
BA8D38D8-CDF2-713D-21B0-9DD4CB40D933,Jordan Ferraz,lorem@protomnail.couk,https://githab.com/lorem,(81)4223 9325
419D817B-A445-3A17-73CD-467223E5EE1A,Keely de Fatima,lobortis.ultrices@protomnail.org,https://gitlub.com/lobortis.ultrices,(81)4740 6613
C68B44E1-BEC4-DA2E-2BA5-CE1A8B636813,Arden de Azevedo,quis.urna@gnail.com,https://gitlub.com/quis.urna,(81)3887 8166
45636E75-6A56-C11A-9C1E-D2FB40D6A0F5,Cole Torres,suspendisse@yaho.net,https://linkedyn.com/suspendisse,(81)1543 7314
56385A5C-348B-CD36-3977-97D813FA61AE,Charles de Campos,non@gnail.ca,https://linkedyn.com/non,(11)1782 1559
75675554-4E65-6EA6-E9F9-E31AFC162875,Charles de Melo,velit.quisque.varius@gnail.net,https://gitlub.com/velit.quisque.varius,(81)8247 4816
63D0D893-EFD5-ADDB-176A-198AA7298556,Jasmine do Nascimento,non@hotnail.couk,https://gitlub.com/non,(11)7142 1765
6BFE962E-11C4-A279-9965-67BFDC5986F5,Athena Feitosa,lectus.pede@protomnail.edu,https://linkedyn.com/lectus.pede,(11)1414 6484
65381921-8A76-B647-3B42-5F2E6B616C6F,Micah Galdino,egestas.sed@iclowd.com,https://githab.com/egestas.sed,(11)3394 1263
D6D912A0-1E21-28CC-2CB3-EF0B3A3EA8BB,Margaret Mariano,augue.ut@gnail.couk,https://gitlub.com/augue.ut,(11)6581 3116
CF60DC23-F527-2A7C-283D-1CE416C5FBEF,Naida de Matos,metus@protomnail.net,https://gitlub.com/metus,(81)5768 6411
8E488574-999F-81A3-BBB7-EC7B5B2E2C1C,Mark Cabral,ligula@outlok.couk,https://linkedyn.com/ligula,(81)7824 4213
7834261A-BACD-967B-8B9A-BD999911CB43,Benedict de Assis,tempus.non.lacinia@outlok.net,https://gitlub.com/tempus.non.lacinia,(11)4237 1158
2750DEC7-BE32-FDD2-8485-3EEB2D745D22,Christine Mendes,nullam.vitae.diam@protomnail.edu,https://linkedyn.com/nullam.vitae.diam,(11)2812 3188
589C548D-BD3D-471A-49F1-D23F97E1B16B,Vincent Pires,vitae@iclowd.org,https://linkedyn.com/vitae,(81)4919 4393
B866BE3C-42B9-E199-84B4-0A4D9DA8E381,Jeremy Pereira,metus@gnail.org,https://linkedyn.com/metus,(81)2319 6582
6E519254-52F6-111A-B929-BC3544517C7B,Nomlanga Azevedo,ultricies@protomnail.couk,https://linkedyn.com/ultricies,(81)8871 9114
91D96B86-1E44-454A-AB2C-FCAEC241129A,Hiroko Carvalho,interdum.feugiat@hotnail.couk,https://linkedyn.com/interdum.feugiat,(11)6681 2231
BC6B2496-E737-0A25-346C-2FD1A53D7E54,Jemima de Moura,vel.est.tempor@protomnail.org,https://linkedyn.com/vel.est.tempor,(11)3832 1684
E33B6DE4-7B2E-D11B-8BB8-1165FA36F9C3,Melissa Vasconcelos,facilisis@protomnail.org,https://linkedyn.com/facilisis,(81)8163 4561
7D7AD36C-EDA6-1D1C-D135-E3593E49F595,Meghan de Assis,praesent.eu@yaho.com,https://gitlub.com/praesent.eu,(11)5572 8110
E2F3B0D8-A1C4-665C-0FE3-19F426DCDBF0,Curran Dias,ultrices.posuere.cubilia@outlok.edu,https://githab.com/ultrices.posuere.cubilia,(81)7973 4437
DB7B9C78-3119-792E-696B-9242347D3196,Adrian Aguiar,in@hotnail.couk,https://linkedyn.com/in,(81)3164 5314
362C69D0-34C8-E5A7-84AE-958167E0E4C3,Carol Das Chagas,ac.facilisis@gnail.couk,https://gitlub.com/ac.facilisis,(11)1322 7342
7D232D66-17D1-11DB-DCCF-E197DD76EEB5,Roanna Leal,luctus@protomnail.edu,https://linkedyn.com/luctus,(81)8189 2224
14521BBA-4772-21B9-6BD1-A37122F2ADA4,Bruce de Assis,in.mi.pede@hotnail.ca,https://githab.com/in.mi.pede,(11)5381 6647
0B598D49-481D-C3A8-1177-A84E8A5AE953,Samuel Paulino,neque.et@outlok.net,https://gitlub.com/neque.et,(81)5711 1757
912EC5DD-5F86-6539-7A46-7D1BE51C70AA,Hilda dos Anjos,lectus@yaho.com,https://githab.com/lectus,(81)4717 5258
52B62D81-7CCD-628A-6A32-884D681F67A4,Prescott Bispo,orci@iclowd.com,https://githab.com/orci,(11)7524 8552
8A628F84-7A44-4DBB-C63D-342EC6C5450B,Kelly Franca,lorem.auctor@yaho.couk,https://githab.com/lorem.auctor,(81)2620 2635
C9E9298C-81C1-BB55-2E82-0C19D4DC11C4,Mira Almeida,erat.neque.non@gnail.com,https://gitlub.com/erat.neque.non,(11)6248 7272
6C8E7587-46D7-6824-B4ED-72D7E9AB9C2F,Yvette de Almeida,natoque.penatibus.et@gnail.ca,https://githab.com/natoque.penatibus.et,(11)1218 8143
6E1752EB-8F94-11DD-00E7-D8EC39B0EA96,Hasad Pacheco,vestibulum.massa@outlok.edu,https://gitlub.com/vestibulum.massa,(11)2738 1111
A4B55A6F-9C22-BB69-7411-B717115F9439,Seth Gonzaga,non@gnail.org,https://linkedyn.com/non,(81)7345 8134
67FD9CB7-1CF4-7177-DE15-1C953DDF943B,Hilary dos Santos,vel.pede@protomnail.edu,https://linkedyn.com/vel.pede,(11)6635 4664
5446D129-E1EA-8DDF-D22B-96ABBC2887E8,Orli Pires,ipsum.sodales@gnail.ca,https://gitlub.com/ipsum.sodales,(81)4816 3862
FF6DAC88-AD95-497D-8114-CC6A27BB16F0,Risa Dias,mauris@gnail.ca,https://gitlub.com/mauris,(81)3543 8167
7EBA69B3-9B42-C2E8-2CE5-9937774DE5B8,Angela Caetano,et@protomnail.edu,https://linkedyn.com/et,(81)8111 6813
61BC8D24-A28D-A5B8-D398-70BE4CE8160E,Nina Borges,lorem.tristique.aliquet@iclowd.couk,https://gitlub.com/lorem.tristique.aliquet,(11)4338 3775
396E81CD-8161-0C62-0DAE-D8DE40D2B681,Brett de Castro,sociosqu.ad@yaho.edu,https://linkedyn.com/sociosqu.ad,(11)6881 4981
5BDE216A-F386-10BA-E2DD-162D874E493C,Unity Bento,in.lorem@hotnail.edu,https://gitlub.com/in.lorem,(81)1623 3581
C772AA2C-98B7-3811-899E-9F663E86DF20,Joelle de Jesus,pharetra.sed.hendrerit@outlok.couk,https://githab.com/pharetra.sed.hendrerit,(81)6712 7533
A8B3F87D-3A5D-1726-2B83-CDEDE9EEDEC9,Thor de Jesus,sed.tortor.integer@hotnail.ca,https://githab.com/sed.tortor.integer,(11)4213 7837
852CC985-A700-9A29-DBCD-FBF1DC855B1D,Tana da Silveira,amet.luctus@gnail.ca,https://githab.com/amet.luctus,(11)5253 6230
62DAEABE-24F2-AD37-AD27-B5E6830FA481,Wing Franco,in@protomnail.net,https://linkedyn.com/in,(81)2610 2284
740E243C-7A2E-EF99-A955-5381D499231D,Bianca Magalhaes,mauris.blandit@iclowd.net,https://gitlub.com/mauris.blandit,(81)2169 7955
4D5CC3CE-DC7D-D192-C641-8CC0E4B9E7EC,Ignatius Costa,velit@hotnail.com,https://linkedyn.com/velit,(81)7675 7581
6C565873-B281-1947-52DB-0A7755514ED2,Colton Correa,odio.semper@hotnail.com,https://githab.com/odio.semper,(11)6843 4678
E820B13E-9B1C-2B4A-3182-B2A28AEBB13E,Shelby Guimaraes,nullam@protomnail.ca,https://linkedyn.com/nullam,(81)5933 1247
75648668-BC92-65AB-B5E8-FD2B62963B33,Christian Franco,vitae.mauris.sit@hotnail.ca,https://githab.com/vitae.mauris.sit,(81)4942 2644
D247CB93-2878-A679-D154-E9964C0E4C26,Knox Gonzaga,libero.donec@outlok.com,https://githab.com/libero.donec,(81)9858 5274
85F14F3C-34F7-ACDB-DCC2-AC77E91DC4A6,Brianna Freitas,mollis.nec@hotnail.com,https://linkedyn.com/mollis.nec,(81)8360 2555
4BF4B9E2-7B7E-1160-8B99-DD35BD4C8C71,Knox Campos,lectus.sit@hotnail.edu,https://gitlub.com/lectus.sit,(81)2330 8773
56B5E547-72DF-1C51-52D8-FD1F66379512,Jaquelyn Caetano,dolor.sit@gnail.com,https://gitlub.com/dolor.sit,(11)7638 5819
4572A922-B5E7-941C-0E82-AECAC8181622,Virginia Maciel,eget.tincidunt@iclowd.edu,https://gitlub.com/eget.tincidunt,(11)2517 4952
528F6EB0-A242-4D26-7449-813FE14D6B99,Kato Muniz,id.enim.curabitur@protomnail.edu,https://githab.com/id.enim.curabitur,(11)6880 5615
C6E1B317-8E81-EDAB-115D-1181753BB837,Joel da Cruz,lorem.auctor@yaho.ca,https://linkedyn.com/lorem.auctor,(11)4481 6365
A1B0ADAB-2E63-29C6-51A1-D97DBA47DDBB,Driscoll do Carmo,quisque.purus@protomnail.com,https://linkedyn.com/quisque.purus,(11)5613 7616
C13218EB-5EB7-9272-4B51-775B4D2BEE2F,Whitney Siqueira,diam.luctus@yaho.couk,https://githab.com/diam.luctus,(11)6822 5482
8BACB843-C647-2C57-4329-EBA71EE74C7B,Anika Maciel,natoque@outlok.net,https://githab.com/natoque,(11)8973 1872
DE1F11CD-CEA4-4CCB-63B4-127516B5811F,Kelsey Menezes,at.iaculis@hotnail.couk,https://githab.com/at.iaculis,(11)6315 7344
DC6EA669-E769-8E16-735E-5644298A22B7,Liberty Viana,facilisis.eget@iclowd.com,https://githab.com/facilisis.eget,(81)8548 7358
4593A177-AEC5-712C-B854-0C527262329D,Rafael Andrade,eget.venenatis@yaho.couk,https://githab.com/eget.venenatis,(81)1631 8111
655C667D-9BAF-5DCD-BE3D-CA3FE57EC0BE,Noel Tavares,libero.at@yaho.ca,https://githab.com/libero.at,(11)4535 3386
5A3D70D3-1534-7AC6-55B1-1568CD49B6DB,Cynthia Carvalho,pellentesque.habitant@iclowd.org,https://githab.com/pellentesque.habitant,(11)4216 5743
C96FC8C1-89BF-EEAE-D485-744C4B5DCBC6,Delilah Carneiro,luctus.ut.pellentesque@iclowd.couk,https://gitlub.com/luctus.ut.pellentesque,(11)7694 6256
99C5358E-4F24-86E0-D564-328397BA687A,Ingrid de Assis,in.faucibus@protomnail.com,https://gitlub.com/in.faucibus,(81)8853 5173
A1464626-3BB0-8232-2331-D57EBD68169B,Holmes Costa,rutrum.magna.cras@yaho.org,https://githab.com/rutrum.magna.cras,(11)1160 1365
E217115E-556D-A31C-C72E-229754BE464E,Adam Maciel,magna.a@hotnail.net,https://githab.com/magna.a,(11)4392 8834
CCC782B7-E1BC-BCEF-8D4A-A3AA14485839,Emerald Dantas,dolor.tempus.non@protomnail.edu,https://linkedyn.com/dolor.tempus.non,(81)5573 5685
36CDC236-6259-B148-D234-8C783892977C,Mollie Campos,vehicula.aliquet@hotnail.ca,https://linkedyn.com/vehicula.aliquet,(11)4549 8457
643E6AA5-1B7B-1111-A744-4171C45C2B99,Clio Carvalho,adipiscing.ligula@outlok.com,https://linkedyn.com/adipiscing.ligula,(81)8111 8156
8791F365-E11D-2118-178D-36449D57432D,Rose Barros,suspendisse.dui@hotnail.com,https://githab.com/suspendisse.dui,(81)8225 3641
ACAAE9D1-AD87-E214-EC1E-CDB87814F868,Tate da Cruz,phasellus.nulla@iclowd.org,https://gitlub.com/phasellus.nulla,(81)7726 7670
F54A968C-6F33-99D6-331D-A2683CD24336,Judith Faria,in.consectetuer.ipsum@iclowd.com,https://githab.com/in.consectetuer.ipsum,(81)7153 5337
FEC37C27-888D-A634-542A-65B26372ED6B,Cruz Dias,ultrices.sit@gnail.edu,https://linkedyn.com/ultrices.sit,(11)2881 8334
5333A21D-13BA-B367-1DE6-6175341ED7F3,Kellie Franca,phasellus.elit@protomnail.com,https://gitlub.com/phasellus.elit,(11)7156 8350
C9A5D150-738D-11BB-61EC-961CAC530D7C,Davis Duarte,tortor.dictum@protomnail.ca,https://gitlub.com/tortor.dictum,(11)8922 7253
87CF1DA2-10AE-5CFD-E6C1-1185C7789220,Sonia Braga,sagittis.nullam@gnail.net,https://gitlub.com/sagittis.nullam,(11)2814 3486
1B811C46-57C8-2BB8-8571-E0E4BB725619,Raven de Lourdes,vitae@iclowd.edu,https://gitlub.com/vitae,(11)7338 3678
C96F4218-841C-E48B-778B-0B1325816AE1,Eliana de Moura,in.consequat@gnail.couk,https://githab.com/in.consequat,(81)3283 8286
A942BC7E-A45C-245A-2CE8-BA45C6643317,Rebekah da Silveira,nam.consequat@hotnail.ca,https://gitlub.com/nam.consequat,(81)1988 3481
8B5F83BA-46A3-684A-3D12-9E53D2C10C7A,Tate de Moraes,sociis.natoque@outlok.ca,https://gitlub.com/sociis.natoque,(81)5525 3658
9DFB4354-A36A-7960-A3DF-F189AB977447,Vladimir Maciel,sed@iclowd.net,https://gitlub.com/sed,(11)2676 4343
79D8BE82-3749-638E-CD64-A85412D46978,Lois Ferreira,vestibulum.neque@hotnail.couk,https://gitlub.com/vestibulum.neque,(81)6482 2852
514C82D0-738B-D3B7-35DF-78E83B6B986B,Murphy Moura,pede.malesuada@gnail.org,https://githab.com/pede.malesuada,(81)8771 7781
959E7C20-CB17-CAE1-FB24-BAD746C1AA2E,Eve Carvalho,consectetuer.cursus@hotnail.couk,https://gitlub.com/consectetuer.cursus,(81)2746 6729
2287BD5C-E773-3596-5DBB-5E1C6E8DC725,Steel da Silva,iaculis.enim@protomnail.net,https://githab.com/iaculis.enim,(81)2958 6241
5811B422-8679-CDA7-2EE3-3AC93392488B,Doris Felix,scelerisque.lorem.ipsum@protomnail.ca,https://linkedyn.com/scelerisque.lorem.ipsum,(81)2337 8134
2DED4A3B-5AD9-6215-74A1-C47D2388BC6B,Palmer Duarte,commodo.tincidunt.nibh@outlok.com,https://githab.com/commodo.tincidunt.nibh,(11)2737 3722
CFBEB958-2B55-AFA6-B3C2-78A75F0BD8B6,Susan Antunes,nunc.commodo.auctor@iclowd.couk,https://githab.com/nunc.commodo.auctor,(11)1581 1572
86AE2A81-81CC-383A-4E63-F65E5B549B9B,Zenia Mendes,arcu@yaho.edu,https://linkedyn.com/arcu,(11)2592 5434
DBABA81D-D988-51CA-6854-495E54AC88BA,Robin Melo,nec.quam@hotnail.org,https://gitlub.com/nec.quam,(11)6218 8191
C5B90EE1-6342-E180-BE81-86BB79EDC8D8,Howard Feitosa,in.felis@outlok.com,https://gitlub.com/in.felis,(11)3947 1283
B27C37DD-A362-C132-8DE8-A652C81C6A81,Adele Furtado,at.sem@iclowd.com,https://githab.com/at.sem,(81)7113 7174
150E7B96-599B-A7FE-78A2-9ABB7170D18A,Holly de Brito,sodales.mauris@protomnail.org,https://gitlub.com/sodales.mauris,(11)2348 5181
9B349B43-9419-296E-E372-E32C328E1117,David Furtado,mauris.integer.sem@gnail.ca,https://linkedyn.com/mauris.integer.sem,(11)8727 5186
A39B23B1-1116-99CC-58DE-181B6615E934,Mufutau de Azevedo,auctor.vitae.aliquet@hotnail.ca,https://githab.com/auctor.vitae.aliquet,(11)7583 5811
CEEE26BD-5BEB-A2A3-819A-3369612C7D49,Kibo Amorim,ac@iclowd.net,https://gitlub.com/ac,(81)2152 7533
49DD84A8-7E65-D6B9-5649-C11D87935E9D,Joshua Messias,diam.luctus@protomnail.com,https://linkedyn.com/diam.luctus,(11)7866 5254
E13948E8-3436-E626-54D8-7CD621A5E3FF,Conan Barreto,placerat@outlok.edu,https://githab.com/placerat,(11)6812 2793
47A73841-C111-9745-550E-E9B873865186,Otto Moreira,non.dui@gnail.org,https://githab.com/non.dui,(11)5671 7513
3E1AB19C-3652-886E-71B1-3E1E533E54FD,Arsenio Pinheiro,tempor.arcu@gnail.net,https://linkedyn.com/tempor.arcu,(81)7632 6161
583C94E6-9720-83C2-17AB-E94B0EDA6955,Brynn Paiva,sed.diam@iclowd.edu,https://linkedyn.com/sed.diam,(81)9528 8786
119E6ED2-1E18-E887-A5B7-4AB9289E8611,Aidan Santos,enim.condimentum@hotnail.org,https://githab.com/enim.condimentum,(81)5926 8134
69B96120-15C4-A117-76CD-66AE524B20CD,Brian Guedes,tellus.imperdiet@gnail.net,https://gitlub.com/tellus.imperdiet,(81)2493 2536
3462A587-AF1F-A39C-5217-292E286A7B4D,Stewart Camargo,iaculis.aliquet@iclowd.com,https://linkedyn.com/iaculis.aliquet,(11)1278 7616
2A3BE8B3-A696-790E-675B-1D7A7A51DD34,Cameron Correia,lorem.ac@outlok.net,https://githab.com/lorem.ac,(11)8411 7578
22522179-9EC6-47FE-B2B7-9125B2CFDAED,Angelica Domingos,egestas@yaho.couk,https://gitlub.com/egestas,(81)3186 7749
3CC76718-84DD-3FE6-2899-48A7DEC2D4D3,Ross Gonçalves,eu.augue@yaho.couk,https://githab.com/eu.augue,(81)4551 8818
99DBE515-2A78-41B8-B4CE-67A662D13427,Shaeleigh de Santana,nibh.dolor@outlok.ca,https://linkedyn.com/nibh.dolor,(81)7473 7225
416962B1-3162-73A1-C195-DB52161372DA,Denton Figueiredo,metus.in.lorem@gnail.org,https://linkedyn.com/metus.in.lorem,(11)7966 8622
F9ACEE7C-4A9C-4894-843E-2582BA3DD5B7,Nathan Felix,condimentum.donec@yaho.com,https://linkedyn.com/condimentum.donec,(11)8126 7776
3876BD81-9B28-498E-416E-3DDDEB20CA7B,Amy Reis,quis.lectus@yaho.com,https://linkedyn.com/quis.lectus,(81)7837 8189
D166ADC5-E81B-C698-F957-261E21338C7B,Burton de Santana,nunc.risus.varius@protomnail.ca,https://githab.com/nunc.risus.varius,(81)0813 9646
C2BC7811-9997-0E24-E933-39B3F1AE5863,Rana Xavier,dapibus.id@hotnail.edu,https://githab.com/dapibus.id,(11)3316 1217
BB999793-7634-623F-5B57-B119C63EAB3C,Lars Leal,nunc@outlok.org,https://gitlub.com/nunc,(81)9287 3911
E576862A-286E-BD5F-CDCA-2DE99D16C5B3,Flynn Pacheco,vitae.diam.proin@outlok.couk,https://gitlub.com/vitae.diam.proin,(11)4418 6691
B641E4E9-D8CC-B546-1768-6F4CC63B33B4,Madison Pinheiro,mollis@outlok.net,https://linkedyn.com/mollis,(81)1611 4387
BACA69B6-879C-E52D-6472-2948354C2B75,Katelyn de Araujo,quis.turpis@yaho.edu,https://githab.com/quis.turpis,(81)2667 5834
9D3D7E83-EE41-9C4A-A9BB-2367211EBC41,Lara Gonzaga,quis.turpis.vitae@hotnail.ca,https://githab.com/quis.turpis.vitae,(81)3783 4274
488A0AEA-A7E5-EE57-727A-1EF2FD297CEB,Kyle Paiva,sem.ut@yaho.net,https://gitlub.com/sem.ut,(11)6652 6717
735B299B-AA27-5762-1C9B-C759D32C1D7A,Joseph da Rosa,neque@outlok.couk,https://gitlub.com/neque,(11)3515 2691
465B3799-B730-E6CD-C8D5-9F16D7198455,Phelan Caetano,fusce.mi.lorem@outlok.couk,https://linkedyn.com/fusce.mi.lorem,(81)4591 8228
579E81BB-75D1-ADC8-BD77-4781B97B81E3,Paki Amaral,vel.turpis@yaho.net,https://linkedyn.com/vel.turpis,(11)8636 8678
3C46B7A5-211B-0AC9-CD5A-181A11BEA167,Lois de Araujo,lacinia.at@yaho.ca,https://gitlub.com/lacinia.at,(81)4637 4429
EB4EE33C-DABD-ED2B-31C7-5E78D11565BA,Kieran Trindade,gravida@hotnail.ca,https://gitlub.com/gravida,(81)5913 6615
C48996B6-F289-ACE6-16D5-CD5A529D39AC,Britanney Ramos,aliquet.nec.imperdiet@protomnail.org,https://linkedyn.com/aliquet.nec.imperdiet,(11)8964 4398
6844C8DA-A9C6-12E4-89C5-7443755DC593,Alana Candido,commodo.auctor.velit@yaho.ca,https://githab.com/commodo.auctor.velit,(81)3143 4211
E668E83D-4D9A-B827-BCEE-9BA9B7692F97,Imani Amaral,dictum.proin@outlok.edu,https://gitlub.com/dictum.proin,(11)8161 8415
AF75E188-8522-D8B2-6274-870D1B1C6BEE,Margaret Bastos,tincidunt.vehicula.risus@gnail.ca,https://githab.com/tincidunt.vehicula.risus,(81)7550 5552
C0B8170D-39C4-46AE-0C28-88EDAD4510E7,Igor Aparecido,libero@gnail.net,https://githab.com/libero,(11)6741 7259
CE83E41B-3236-7475-AB3B-9B2411E5C3C5,Brennan Rocha,non@outlok.ca,https://githab.com/non,(81)6878 2974
92892362-7EDA-C5CB-B234-147E27576554,Keaton Felix,quisque.nonummy@outlok.ca,https://gitlub.com/quisque.nonummy,(81)4947 6212
9DECAAEE-55F6-6C83-4C2B-DD96C59CB7A3,Phelan Barreto,posuere.cubilia.curae@iclowd.ca,https://gitlub.com/posuere.cubilia.curae,(81)4312 1182
DADEE9B1-57DB-64D7-EC8E-98B14AEB2670,Branden Lemos,urna.vivamus@hotnail.org,https://linkedyn.com/urna.vivamus,(11)5842 6487
41646DBB-C7AC-3E71-9B2C-8174D920B2D3,Lewis Coelho,duis.ac.arcu@outlok.com,https://gitlub.com/duis.ac.arcu,(81)6113 1836
C52447B5-4DE5-3320-7474-1BD81464D57D,Raphael Marinho,eros.proin.ultrices@hotnail.couk,https://gitlub.com/eros.proin.ultrices,(11)1582 9625
1C3AAC10-1D3C-A5A5-5D98-BB61C48181CE,Reese de Souza,ac.mi.eleifend@gnail.ca,https://linkedyn.com/ac.mi.eleifend,(11)7731 2481
D2D65E9D-A14C-437C-A2EC-CA815BB1172D,Pascale Amorim,ipsum@gnail.edu,https://gitlub.com/ipsum,(11)2448 7744
F91EA214-84EA-9117-812B-C71A12ABB776,August Abreu,ipsum.dolor@protomnail.org,https://gitlub.com/ipsum.dolor,(81)2835 5866
31C31719-8EC3-3969-8222-E7AD2A4C72E0,Lionel Bastos,pede.malesuada.vel@protomnail.org,https://githab.com/pede.malesuada.vel,(81)7272 5735
8C6C3397-4A5D-6B37-927A-7C43861948BD,Jared Fagundes,cursus.a@iclowd.com,https://githab.com/cursus.a,(11)7853 3453
7899EAF4-7FCD-2E11-625A-FBF7FAAE343B,Doris da Cunha,sapien.nunc@protomnail.com,https://githab.com/sapien.nunc,(81)4111 2234
E6975D83-963E-9A63-96FB-AB6649976456,Odysseus Marinho,tincidunt.nunc@hotnail.com,https://linkedyn.com/tincidunt.nunc,(11)3811 4883
F2BA28E4-3793-A1E6-12A6-7676299BE438,Hoyt Galdino,enim.etiam@outlok.couk,https://linkedyn.com/enim.etiam,(11)5233 3682
3711341A-87C1-DE65-B9E3-9B453A0F97A5,Curran Figueiredo,tellus.suspendisse.sed@iclowd.couk,https://linkedyn.com/tellus.suspendisse.sed,(81)3811 9376
286CD2A1-36F5-A753-5783-414757917612,Carson Gonçalves,neque@outlok.org,https://linkedyn.com/neque,(81)1271 8869
246C4176-C870-B251-E14E-6DA411294E7A,Chanda Pires,curae.phasellus.ornare@iclowd.ca,https://gitlub.com/curae.phasellus.ornare,(11)4114 4329
BBDC66A3-9415-BCEA-82BB-67B386341AB7,Alexandra Tavares,lacus.quisque.purus@yaho.edu,https://gitlub.com/lacus.quisque.purus,(81)7616 8266
5CF99EF6-797F-E5C1-9B1A-EE1176AA171E,Bo Vaz,scelerisque.mollis@yaho.org,https://gitlub.com/scelerisque.mollis,(81)4846 5858
8189975B-5F50-D3BF-4A75-9519E9D71A0F,Kitra Sántos,feugiat.sed@gnail.couk,https://githab.com/feugiat.sed,(81)1641 2593
750DDF9C-66D5-4CD9-19A6-5CD5AD6A43C2,Venus de Fatima,risus.donec@protomnail.com,https://githab.com/risus.donec,(11)4946 5463
B17D5B74-3DDD-5335-C734-8B5A3F167275,Patience Campos,a.nunc@outlok.org,https://gitlub.com/a.nunc,(11)7760 6166
2C9C79D3-33E1-9781-4898-7B5F9ABB5E11,Noah Melo,nec.mauris@gnail.ca,https://gitlub.com/nec.mauris,(81)3534 6241
9DB3C25C-7299-2193-7E5E-66AB665AD8F9,Rana Dutra,arcu@iclowd.couk,https://githab.com/arcu,(11)9919 3371
56B3800C-9F46-8F56-41A3-8C8332D11C83,Zephania Rodrigues,pede@yaho.net,https://githab.com/pede,(11)2767 8181
DC9469A9-76A6-71D3-8ACC-3E2C68335D34,Camilla Dantas,euismod.et@protomnail.couk,https://linkedyn.com/euismod.et,(11)3519 8414
4265B6E2-31D0-4B54-1D33-47E1B6354548,Germaine de Sousa,vestibulum.ut@iclowd.couk,https://linkedyn.com/vestibulum.ut,(11)3881 1145
7C3E28A9-8191-AD8A-66C4-AB77624221B5,Imogene Moura,ac.tellus.suspendisse@hotnail.couk,https://linkedyn.com/ac.tellus.suspendisse,(81)5866 3235
6A6BA993-7A43-674B-3616-D0B5797FC611,Xenos Das Neves,etiam.laoreet@hotnail.ca,https://gitlub.com/etiam.laoreet,(11)4260 8470
EB48141C-661B-7837-C194-6ABE2A7DF8E9,Daniel Carvalho,ornare.elit@hotnail.ca,https://linkedyn.com/ornare.elit,(81)8873 3111
1466ADCC-9679-F27A-93DD-6B76A3739171,Fay de Abreu,vulputate.dui@yaho.org,https://gitlub.com/vulputate.dui,(81)9635 8337
119C263D-D72E-1171-3F9C-11B1C3D2AE46,Belle Feitosa,eleifend.nec@gnail.org,https://linkedyn.com/eleifend.nec,(81)6851 8452
1F6E7763-183B-AAC5-E1E1-36327A5A2A13,Juliet Messias,facilisis.non.bibendum@protomnail.edu,https://linkedyn.com/facilisis.non.bibendum,(81)8152 9781
61D1A113-B9B5-168E-32B9-771EB60F4814,Gannon Santos,habitant.morbi@protomnail.net,https://githab.com/habitant.morbi,(11)8272 6282
CF5C96DF-6358-9DD9-E1FC-591A35177582,Gail Moreira,molestie@gnail.org,https://linkedyn.com/molestie,(81)8650 4268
82B7863B-1881-616F-52EB-C7810FDC70FC,Martha Das Chagas,enim.consequat@outlok.org,https://linkedyn.com/enim.consequat,(81)2771 7266
737DEBD8-A725-45CD-2DA1-464D9AC561CE,Yoshio Siqueira,in@yaho.net,https://linkedyn.com/in,(81)5100 8911
68AA4AD2-B5AD-1381-DCF7-C494A23CC49D,Igor Rocha,non.sapien@yaho.ca,https://linkedyn.com/non.sapien,(81)3111 5170
C3198B32-11B3-4BAB-A1A5-576B4E134936,Fuller Freitas,ut@hotnail.couk,https://githab.com/ut,(11)2862 7381
0DA7F524-F770-2E59-BBA2-6BCDAAA70F8B,Oscar Neves,montes.nascetur.ridiculus@gnail.org,https://gitlub.com/montes.nascetur.ridiculus,(81)2752 7818
4B73A6CA-A832-7CD8-5742-16B99378C342,Christopher Simoes,venenatis.a.magna@protomnail.edu,https://githab.com/venenatis.a.magna,(81)8211 6779
7C8DBF35-818E-B135-A2CE-639C4AB3BD71,Adrian Coutinho,elementum.dui.quis@hotnail.ca,https://gitlub.com/elementum.dui.quis,(11)3621 3944
DC41BAC9-99DD-B2E4-8B28-8411B14769C6,Lucas Silva,gravida.sagittis@hotnail.net,https://gitlub.com/gravida.sagittis,(11)8164 2662
DA753CB2-E466-0CB2-7F67-412DCA849724,Zena Rezende,ac@gnail.net,https://linkedyn.com/ac,(11)1156 9991
CBB48E32-251C-9E47-0A6B-C70E45A4C65D,Marsden Simoes,cursus.diam@hotnail.couk,https://githab.com/cursus.diam,(11)2650 9533
2423C4BD-5E93-285E-CE96-C9E8C2B329BC,Hamish Dantas,tempus@outlok.com,https://linkedyn.com/tempus,(81)4381 3590
360C1BD8-AF5A-F971-1AA7-AA2A44C80C0A,Clare Neves,sem.consequat@hotnail.org,https://linkedyn.com/sem.consequat,(11)4866 8375
B0C164EA-4148-7495-1E9F-6218CCC584A2,Tanya Bastos,ac@yaho.net,https://gitlub.com/ac,(81)8150 4567
4B275AC8-1DA9-1EB1-5556-A1AA81754F1B,Yvette Dias,non.nisi@outlok.com,https://gitlub.com/non.nisi,(11)5427 3877
5CF95BF4-88B4-7859-1E64-61116C45CEAC,Amal Barboza,fermentum@gnail.com,https://githab.com/fermentum,(11)8955 9885
5B52C765-CBD1-970E-E7CD-E4421281ADCA,Oliver Cavalcante,eu.sem.pellentesque@hotnail.org,https://linkedyn.com/eu.sem.pellentesque,(11)1563 3821
136DB482-BD2E-3229-95A2-611FED338AA2,Lillith Trindade,nunc@hotnail.org,https://linkedyn.com/nunc,(81)1151 4983
4DFDC558-4C13-2FED-75D6-A2675C3226AA,Cassidy Faria,interdum.curabitur@iclowd.org,https://linkedyn.com/interdum.curabitur,(11)3511 1743
C6A38D4E-6511-9D5A-2963-1F7C81E52FD6,Pascale de Campos,arcu.vestibulum@yaho.com,https://linkedyn.com/arcu.vestibulum,(11)6355 4126
88C24738-C74C-60CC-5FA4-43C375239564,Charles dos Reis,vivamus.nibh@iclowd.edu,https://linkedyn.com/vivamus.nibh,(11)9747 7440
8EFEC9CE-9CD9-61C3-4370-D2ACF21317EA,Kyle Pacheco,facilisis.vitae@hotnail.org,https://linkedyn.com/facilisis.vitae,(11)2268 6352
16D67D3D-A49A-FA40-3FF5-63E55113442E,Kelsie Brito,vehicula.pellentesque@outlok.org,https://githab.com/vehicula.pellentesque,(81)3511 2952
D813659C-366C-59DB-1451-174377D511AB,Hadassah Duarte,diam.nunc.ullamcorper@iclowd.edu,https://linkedyn.com/diam.nunc.ullamcorper,(81)5115 8130
A2C97E45-3DFE-E733-E167-11663D84CD1D,Richard Viana,quisque.tincidunt.pede@yaho.couk,https://linkedyn.com/quisque.tincidunt.pede,(11)9520 1181
4B1B3E94-0AE9-8644-65FF-3934DE9C52BE,Jasmine da Rocha,semper.cursus@hotnail.com,https://gitlub.com/semper.cursus,(81)8311 6810
B42FA817-B775-600D-4695-A235CCA9B7A8,Nissim Maciel,velit.eget@gnail.org,https://githab.com/velit.eget,(81)1368 2511
184AFE85-9D70-6C6C-79EF-232785A1DC3E,Amity de Matos,arcu.imperdiet@yaho.org,https://linkedyn.com/arcu.imperdiet,(81)5377 7631
4372A539-A8A5-921D-BADE-DA2D11A411BE,Stella de Brito,lobortis.tellus@gnail.ca,https://gitlub.com/lobortis.tellus,(81)8558 6914
4AF6CC95-4B11-874F-25DF-1187E69C98FD,Jackson dos Reis,adipiscing@yaho.ca,https://gitlub.com/adipiscing,(11)9258 2555
318C734A-23A2-7A62-6E84-7ECB9E77982D,Idona de Assis,urna@iclowd.ca,https://githab.com/urna,(11)3218 5185
E2732B2C-CA1F-D119-68B7-422B232EF8C2,Ahmed Teixeira,massa@yaho.couk,https://githab.com/massa,(81)5176 2757
CBC4C6BC-C681-7E2A-F2EC-E4BD88E3BDCA,Harding Menezes,etiam.bibendum@yaho.net,https://gitlub.com/etiam.bibendum,(11)4231 4958
C6190E7C-DB2C-4A4F-BB22-542CDA653D1B,Phelan Bezerra,vel.nisl@gnail.edu,https://githab.com/vel.nisl,(81)7977 8118
41D31118-1486-575A-4227-33D7C6971763,Marsden de Freitas,sagittis.nullam@outlok.ca,https://githab.com/sagittis.nullam,(11)4751 2243
8B839D47-D9AE-1111-F176-81E46C586733,Simone Morais,dis.parturient@hotnail.edu,https://githab.com/dis.parturient,(11)8810 6480
1F238A6E-5675-A94C-87D4-26B4D55E3796,Remedios Sousa,duis@outlok.couk,https://githab.com/duis,(81)5418 2649
4F1EE186-77C7-6917-7F9B-F9FF73A23AE2,Hayley Barros,risus.in@hotnail.net,https://linkedyn.com/risus.in,(81)5167 9124
8240B368-5151-7C74-9CAD-BC64E7DE9DD8,Omar da Cruz,fringilla@hotnail.ca,https://githab.com/fringilla,(81)5226 3147
451EB99E-EB81-C9EF-BC4E-B4DF4DBF4336,Emery Amorim,luctus.et@hotnail.couk,https://gitlub.com/luctus.et,(81)7697 2846
3B15C67B-6215-6EC8-2314-271E2EA59817,Cleo de Almeida,lectus.rutrum@hotnail.net,https://githab.com/lectus.rutrum,(81)0814 4593
980E8D19-DFCA-4186-BF96-2573156AE59A,Constance Costa,aliquam.gravida.mauris@hotnail.org,https://linkedyn.com/aliquam.gravida.mauris,(81)8667 1865
9D50CA1C-1D6E-8CB7-D288-99CBC332A6D9,Aileen de Jesus,id.ante@yaho.couk,https://linkedyn.com/id.ante,(11)1193 6538
98A9B14A-C753-CEB7-36E4-69F7AB20D113,Rhea Teodoro,pede.nonummy@outlok.org,https://linkedyn.com/pede.nonummy,(81)7510 7167
5D12CEA0-8A44-31F2-8283-B9F3118FCE2B,Price Barros,dis.parturient.montes@iclowd.edu,https://githab.com/dis.parturient.montes,(11)8368 8535
130E94A9-28C3-5283-FE0B-2B989AF1BA1A,Jemima Inacio,lacus.vestibulum@protomnail.org,https://linkedyn.com/lacus.vestibulum,(11)5286 6222
AB8C859B-429B-C5C9-E8C5-AD626F58B47A,Rowan Santiago,nam.porttitor@protomnail.edu,https://linkedyn.com/nam.porttitor,(81)7816 8513
6E6DD473-44AE-24E6-3660-41374C9314A7,Steel Andrade,elementum@protomnail.com,https://gitlub.com/elementum,(81)1844 2217
B3880FAD-9B68-BACD-893E-A98168381C13,Karina de Melo,rutrum.non.hendrerit@iclowd.com,https://linkedyn.com/rutrum.non.hendrerit,(81)6760 1695
6C74E5D2-676E-CDE8-4B67-FF449F1BD1CE,Zachary Nunes,eget.tincidunt.dui@gnail.com,https://linkedyn.com/eget.tincidunt.dui,(81)1554 4223
687B70CB-917B-9AE6-91CA-5C3173E5C357,Geraldine Guimaraes,et.arcu.imperdiet@protomnail.ca,https://githab.com/et.arcu.imperdiet,(11)2438 7523
95811C69-B78A-CD52-2110-8BE7C363A6E6,Aaron Ribeiro,vitae.diam.proin@hotnail.ca,https://gitlub.com/vitae.diam.proin,(81)3697 5187
2DDFB952-E1E7-911C-CD8B-DB555A4DBD34,Tasha Farias,libero.lacus@protomnail.com,https://githab.com/libero.lacus,(81)4332 6681
23D23E91-8CD5-1C93-1CC5-71D4A6F33D58,Sierra Batista,varius.nam@outlok.ca,https://gitlub.com/varius.nam,(81)1461 3186
EDF8547B-9FD7-A143-8811-B82D7AED8FCB,James Custodio,nonummy.ultricies@protomnail.couk,https://gitlub.com/nonummy.ultricies,(81)9556 4181
2584DCEB-83D3-B73D-3CBE-9B8DFAEB1185,Victor Maciel,aliquam.enim@gnail.org,https://githab.com/aliquam.enim,(11)1654 7452
4FC95E61-2985-4C6B-B312-5FD1C1BE1FC0,Sean de Fatima,sit.amet@iclowd.ca,https://gitlub.com/sit.amet,(81)6796 8811
4D3EBEDF-3A69-3A51-3A57-2FAFC1CAAC20,Jarrod Pires,luctus@outlok.com,https://gitlub.com/luctus,(81)7774 1649
8D8F9347-938E-1EEC-F6F0-5F23927CAED9,Venus de Castro,cras.dictum.ultricies@outlok.net,https://githab.com/cras.dictum.ultricies,(11)7716 2837
514F2735-5D55-3E34-B5E2-CE4358AE1CB4,Allen Sampaio,consequat.enim@yaho.ca,https://linkedyn.com/consequat.enim,(11)1663 8211
9C5C6594-848F-D55A-E119-7A263B6B61AA,Berk do Nascimento,ut.ipsum@yaho.ca,https://linkedyn.com/ut.ipsum,(81)5813 8755
7E611BEA-F2E1-78D9-E97A-6762E3BE7DCE,Elmo Ramos,fringilla.porttitor@gnail.ca,https://linkedyn.com/fringilla.porttitor,(11)8298 1118
CA79C947-E5B3-1182-B881-1CDC4BA739C2,Baxter de Andrade,vitae@gnail.couk,https://linkedyn.com/vitae,(11)1368 1469
8D8194CE-8E51-571C-B813-D4F91A95ADCA,Hashim Viana,suscipit.nonummy@yaho.net,https://gitlub.com/suscipit.nonummy,(81)7448 3357
9284E414-8889-7A7C-748B-5B6B3A68E73C,Shafira Ramos,feugiat@outlok.couk,https://githab.com/feugiat,(81)2663 7944
AB8E380A-CB2A-3C10-2D1C-8ACCACB976DC,Byron Neves,justo.proin@protomnail.com,https://linkedyn.com/justo.proin,(81)9127 4781
B911A3DE-384D-4E6C-EA4C-8A2B9B9A4DF2,Amy Campos,nec.euismod@gnail.ca,https://linkedyn.com/nec.euismod,(11)4276 1146
BD959647-EF17-BC93-E295-9B883C0BA6CE,Lucian Correa,mollis.vitae@hotnail.couk,https://linkedyn.com/mollis.vitae,(11)2382 8591
6CEC6323-AC7F-1973-48D4-7A30E3133177,Amy dos Reis,sed.dui@iclowd.com,https://gitlub.com/sed.dui,(81)4750 6187
FF26C6D4-418A-E6E6-5A11-0E1AC8CCF4FC,Catherine Carneiro,velit.dui@outlok.edu,https://linkedyn.com/velit.dui,(81)1643 7346
9A7FF159-86CC-5266-581D-95C5BECF3D6D,Caryn de Carvalho,nunc.est.mollis@hotnail.couk,https://githab.com/nunc.est.mollis,(81)2519 2329
BA42E792-BA95-BB56-0BC7-7E488A5CA1C2,Judah Costa,amet@hotnail.org,https://linkedyn.com/amet,(81)1434 4630
AACD17B4-C42C-9F8D-6C93-2FE58F47A1CA,Brittany da Conceiçao,ornare.lectus@iclowd.ca,https://gitlub.com/ornare.lectus,(81)7623 4135
1CCB58C8-A821-B2EC-27C4-CDB16C8B2E54,Tanya do Nascimento,congue@gnail.edu,https://githab.com/congue,(81)4329 7278
99645528-A15B-68BA-DA54-2D4239154EE8,Colby dos Santos,cras@yaho.com,https://githab.com/cras,(81)5996 4342
FBD1E8C7-A993-AB82-DE81-5B274311DF7D,Desiree de Moraes,lacus.ut.nec@hotnail.couk,https://githab.com/lacus.ut.nec,(81)7683 7750
BEF998ED-8D58-B6B2-11AB-A99FE32C8935,Jayme Fonseca,et@hotnail.edu,https://gitlub.com/et,(81)6636 6574
7CDAC12A-B889-BF1A-6B34-E714B722E92C,Tanisha de Moraes,orci.lobortis@gnail.net,https://githab.com/orci.lobortis,(81)5660 8177
1442D878-9869-DB1E-E734-A1D23579A79E,Pandora Santana,vel@yaho.net,https://githab.com/vel,(11)2367 8144
49A1EEDE-7ED6-8235-42F1-2EB8BA7EA8D0,Perry Cavalcante,enim.mauris@iclowd.edu,https://linkedyn.com/enim.mauris,(11)3451 5326
221855D4-DA7F-BEC1-D99F-75B4277ED917,Sopoline de Freitas,vestibulum.mauris@hotnail.org,https://linkedyn.com/vestibulum.mauris,(11)2956 8550
27BFD99F-3ABD-0D6E-976F-1EE5C711DE91,Norman Freire,aliquam.iaculis@outlok.ca,https://gitlub.com/aliquam.iaculis,(11)5735 1232
D19942E7-B78C-AE5D-7E58-52BA71C196A5,Fredericka Evangelista,augue.ut.lacus@yaho.com,https://githab.com/augue.ut.lacus,(81)3425 8264
936B811F-4816-924E-C1D5-3BAC5D82636D,Gisela Nunes,dui.cum@outlok.couk,https://githab.com/dui.cum,(81)7173 8415
6368566E-8A32-3B79-9A85-4E2288E46496,Elliott Das Dores,vivamus@yaho.edu,https://githab.com/vivamus,(11)6114 1437
7DD75C7A-9793-32DA-3A3A-272942DB81DA,Macaulay Caetano,amet@outlok.net,https://gitlub.com/amet,(81)8344 5112
86585793-0A42-72EE-67A4-CAEB74968293,Micah Duarte,aliquam.ultrices@gnail.com,https://githab.com/aliquam.ultrices,(81)1575 1199
2ADA1541-DEB3-92C2-8375-526A14AD344C,Reuben Souza,et.pede@hotnail.com,https://gitlub.com/et.pede,(11)8457 2622
34DCC42D-AA4B-D5C4-EB66-47728121A269,Brenden Barboza,fermentum.arcu.vestibulum@protomnail.com,https://gitlub.com/fermentum.arcu.vestibulum,(81)5184 1753
82D59C7B-8D94-2116-4536-CD4D514BB7A2,Solomon dos Reis,ultrices.vivamus@yaho.com,https://githab.com/ultrices.vivamus,(81)1149 5662
97F181C1-2476-485B-E950-2A9A5EE816E3,Phillip de Moraes,lacus.vestibulum@gnail.org,https://githab.com/lacus.vestibulum,(81)6361 4226
6523EFDF-184D-897A-88B1-9242B8B3658C,Fuller de Santana,aliquam.eros@protomnail.org,https://githab.com/aliquam.eros,(11)2363 9158
A5EAD662-715C-2DF3-C70B-16E5BD374C21,Finn Moura,augue.scelerisque@gnail.net,https://linkedyn.com/augue.scelerisque,(81)1184 1621
1D316496-81C5-43B3-9C29-91F86E787CAD,Buckminster Campos,sem@outlok.org,https://linkedyn.com/sem,(11)6477 1636
615DAD96-C328-211C-E47B-2C11916A58C9,Uta Torres,nec@yaho.org,https://gitlub.com/nec,(11)7544 5181
659D2683-BFA6-581D-66D2-F742269723C4,Hedley Mariano,aliquet.vel@hotnail.edu,https://linkedyn.com/aliquet.vel,(81)7844 6165
149A949B-D4EF-48C5-D745-DE581F7511E4,Avram Ribeiro,velit.justo.nec@protomnail.ca,https://githab.com/velit.justo.nec,(11)7819 5814
ECFC8832-B856-CE75-42CC-A99BD4D28F89,Richard Santiago,ullamcorper.magna@protomnail.ca,https://linkedyn.com/ullamcorper.magna,(11)3818 1753
2F577796-2812-0D35-765B-9BE7BD97BC6A,Ferdinand Cruz,natoque.penatibus@hotnail.couk,https://linkedyn.com/natoque.penatibus,(11)2544 4869
6219F1C4-A9DD-DB90-17FE-3260C7465D81,Alexis Cordeiro,ante.nunc@protomnail.org,https://linkedyn.com/ante.nunc,(11)2822 5165
67F363F1-9B95-5938-6D12-5DB9541AD66B,Dara Coelho,ornare.elit.elit@yaho.com,https://linkedyn.com/ornare.elit.elit,(11)4784 2963
1EDB7784-C585-44C1-C9A1-3DD4D296855A,Kitra Dutra,vulputate@protomnail.couk,https://linkedyn.com/vulputate,(81)3476 3173
2C60C7DA-A691-E6E8-EF35-6E9B2360BEAE,Larissa Figueiredo,mauris.suspendisse.aliquet@protomnail.ca,https://gitlub.com/mauris.suspendisse.aliquet,(11)6812 8328
2744AEA3-A435-2B55-32CC-D6E1A639D4D1,Hedda Camargo,elementum.purus.accumsan@hotnail.edu,https://githab.com/elementum.purus.accumsan,(11)8160 2616
9D6AFD95-9AEE-4C2D-BF80-79781C6B464E,Lucian Gonzaga,eu.augue@hotnail.org,https://githab.com/eu.augue,(11)2289 7811
41A92831-54AC-4C81-E985-D63E358B7851,Brody da Rocha,augue.ut@iclowd.edu,https://linkedyn.com/augue.ut,(81)2567 7927
4E3131A3-81AC-8541-374D-5C2C6CD71247,Barrett Azevedo,non.lobortis.quis@outlok.org,https://gitlub.com/non.lobortis.quis,(81)1133 4549
D76F8854-9F6A-54DB-755F-83BA9DC1C617,Camilla Reis,purus.duis.elementum@gnail.edu,https://gitlub.com/purus.duis.elementum,(11)8221 6980
E3CD9715-9B77-762B-BBCA-19498FBC71D2,Lane Farias,maecenas.malesuada@protomnail.edu,https://githab.com/maecenas.malesuada,(81)5772 9669
B43B3BA3-FEF1-295A-239E-7379EF620BB4,Rama Henrique,orci@yaho.net,https://gitlub.com/orci,(11)5881 2811
5E7932B5-D974-39DC-AB84-14F759CD41E4,Jared Cavalcante,nulla.vulputate@iclowd.edu,https://gitlub.com/nulla.vulputate,(81)7458 2454
68121182-9AB1-E52F-A981-711561ECA687,Indira Braz,non.arcu.vivamus@protomnail.couk,https://githab.com/non.arcu.vivamus,(11)1785 1716
36E3C8B2-4B57-539C-4D79-830F7D6C6895,Ulysses Bento,sociis.natoque@gnail.org,https://githab.com/sociis.natoque,(81)6613 9462
64DB452E-8219-3EFA-ECDC-DB569545221D,Bernard Bezerra,elit.sed.consequat@iclowd.org,https://gitlub.com/elit.sed.consequat,(81)6652 6412
CAD61183-DA67-C4D9-297D-1248953C4561,Gareth Guedes,lorem@yaho.com,https://githab.com/lorem,(11)7813 4854
DE46176D-C36B-48C6-8A2E-4A7A34DCCE5F,Dane Feitosa,eget@iclowd.ca,https://gitlub.com/eget,(11)5569 2375
4793690E-D9D1-7973-813E-65DA68B3D119,Chloe Silva,proin.dolor@outlok.ca,https://linkedyn.com/proin.dolor,(81)4115 6642
88779CC9-57CC-9D41-571F-C5CE9297D0CD,Amanda de Carvalho,nisl@gnail.net,https://githab.com/nisl,(81)5847 6841
8881BDB4-5AD7-74CC-DDD8-B23889C40DBE,Ray Pinheiro,eget.venenatis@yaho.edu,https://githab.com/eget.venenatis,(81)5328 1157
3E81659D-5529-7CA4-3588-CBBAE9CE5822,Fulton Fagundes,mauris.id@hotnail.net,https://gitlub.com/mauris.id,(81)5828 7433
811112A7-6144-54B6-D81A-E8731AB45D2B,Ayanna Rocha,a@iclowd.edu,https://linkedyn.com/a,(11)2573 2121
A716FA18-4776-1BE8-1CA5-E1849CB37F61,Talon Barreto,ante.blandit@protomnail.org,https://githab.com/ante.blandit,(11)1325 2447
D774116B-B622-21F8-8E9B-11A5A7AB69EB,Jasper Mota,adipiscing.mauris@hotnail.org,https://githab.com/adipiscing.mauris,(81)7777 1465
4BC8E2A3-1524-B595-8431-BDEF84867E9A,Pascale de Lima,cras.eget@iclowd.org,https://linkedyn.com/cras.eget,(81)5172 8679
CCC67D7E-C6CF-ECB8-1CCC-8180A89C8D45,Neve Martins,non.feugiat.nec@gnail.couk,https://linkedyn.com/non.feugiat.nec,(81)2987 8152
9D137D86-5B25-342F-58E2-822184E2F466,Kenneth Cruz,sit.amet.ornare@protomnail.org,https://githab.com/sit.amet.ornare,(11)1177 6337
958B117C-79B4-8D7C-3131-3C17157B2B47,Nathan Magalhaes,semper.auctor.mauris@yaho.edu,https://linkedyn.com/semper.auctor.mauris,(81)7836 1390
46E173A7-A81F-18C8-82BC-1DB6FBE5881E,Bruce Barbosa,magna.et.ipsum@outlok.ca,https://gitlub.com/magna.et.ipsum,(81)3817 2848
EAA44DC3-2FDC-7C77-7664-E822B4B2393D,Russell da Luz,nibh.enim@outlok.net,https://githab.com/nibh.enim,(11)4583 4555
B1A3F29A-9A9B-5617-4F1B-39334E67FD49,Hop Maciel,tortor.at@yaho.org,https://gitlub.com/tortor.at,(11)6491 5181
53249E3E-C996-AE17-321D-2BD98A2C820A,Abbot Silva,duis.mi@yaho.com,https://linkedyn.com/duis.mi,(11)4511 1547
CA8E640C-E9B5-484E-6D75-CBD5711985E1,Murphy Rosa,at@protomnail.com,https://githab.com/at,(81)5611 8485
ABC391C6-1AE5-6C7A-1F54-C14892355F4D,Galena de Castro,pellentesque@hotnail.edu,https://gitlub.com/pellentesque,(81)8712 1164
4E8B9D2D-5B11-414A-3C7D-2DE2EE2252E2,Deanna Feitosa,et@yaho.edu,https://githab.com/et,(81)4588 6685
D9B1D264-E50E-8815-552D-25486FB5C825,Kellie de Brito,lectus.sit.amet@yaho.ca,https://linkedyn.com/lectus.sit.amet,(81)8376 3173
DAE92B64-34AD-54CF-92DD-33A316E1D28D,Perry Franca,non@hotnail.couk,https://linkedyn.com/non,(81)1311 7359
B883EC9A-5B98-D55C-6611-8E8EE18135E3,Karina Nogueira,urna.justo@outlok.couk,https://linkedyn.com/urna.justo,(81)8247 2987
63BA2115-7839-5447-868A-A23D2586A5E6,Xander Santos,pellentesque.habitant@protomnail.ca,https://gitlub.com/pellentesque.habitant,(81)1435 2362
F118BA6B-1EC4-BC73-DA2D-C8B2F9B74C47,Samuel Barbosa,tristique.pharetra@hotnail.edu,https://githab.com/tristique.pharetra,(81)5113 6243
321517A7-8B53-9C38-2B81-4B84E2CD8C86,Demetria Neves,ut.sem@yaho.org,https://linkedyn.com/ut.sem,(11)8164 4346
2B22ED47-B228-36BB-481F-7544C6D19E37,Elliott de Castro,semper.et@iclowd.com,https://linkedyn.com/semper.et,(11)8147 2461
6152A9B1-DD29-D71A-686C-76A419C2220B,Cyrus Santos,lobortis.ultrices@protomnail.edu,https://gitlub.com/lobortis.ultrices,(11)1621 7127
499811EB-69AB-E847-634A-C12468A5847A,Kyle Magalhaes,sed.libero.proin@hotnail.edu,https://gitlub.com/sed.libero.proin,(81)5940 8145
71978556-FA4C-FC55-3558-CA3752454162,Yasir Moura,rutrum@hotnail.net,https://githab.com/rutrum,(81)8141 7252
E9395738-2E5B-EC43-1FD6-E197857E12B5,Brandon Campos,egestas.fusce@protomnail.edu,https://gitlub.com/egestas.fusce,(81)7387 2783
DE8ECA81-5ACA-721B-94DC-E5584C1645B7,Gavin Monteiro,nunc.interdum@outlok.org,https://gitlub.com/nunc.interdum,(81)6467 1654
84947C82-1DC1-C5DE-EC54-585F619BDAC3,Hu Cardoso,egestas.aliquam@gnail.com,https://gitlub.com/egestas.aliquam,(11)6373 7115
A111DE69-4312-11C7-6935-18B948819CF9,Shoshana Sántos,enim.non@outlok.ca,https://githab.com/enim.non,(81)4211 5337
E46F6CC3-BF62-EB6A-4959-1A12BBF9EC7A,Nomlanga Araujo,non.bibendum.sed@protomnail.net,https://linkedyn.com/non.bibendum.sed,(11)4372 9648
61889AA9-4D75-36D2-E311-BD0B23C6C14B,Amber de Santana,sed@yaho.edu,https://gitlub.com/sed,(11)4669 3690
A6D87C71-0CA0-C40A-C560-26615422E75A,Mercedes Teixeira,iaculis.lacus@outlok.net,https://linkedyn.com/iaculis.lacus,(11)9225 2389
AD55B3C1-15BC-D677-CD1D-8CBEFA1B812F,Isabella Oliveira,nullam.vitae@hotnail.ca,https://gitlub.com/nullam.vitae,(11)2160 4741
38D688F0-8DD6-CD3C-1C71-2FB3D1F4C9E6,Xantha Miranda,sodales.nisi.magna@hotnail.org,https://githab.com/sodales.nisi.magna,(81)7486 2435
CA8E6AC1-2443-9D56-3645-9373189563E2,Berk Campos,sollicitudin.adipiscing@gnail.ca,https://linkedyn.com/sollicitudin.adipiscing,(81)3679 5453
E429822A-2F11-A5C8-6B8E-5D2A781C6BB3,Denton Mendonca,at@protomnail.couk,https://linkedyn.com/at,(81)4177 1144
814611DF-3E81-A95D-5CE8-B64CB1EDDAE3,Amy Oliveira,felis@gnail.net,https://githab.com/felis,(81)4424 2817
4DDE9DB6-121E-ACF3-39BB-0E72573E7C99,Doris de Moraes,massa@iclowd.couk,https://linkedyn.com/massa,(81)2271 3535
B83C5185-550D-33A2-2B3F-D4378976167D,Reece Pacheco,neque@outlok.net,https://githab.com/neque,(81)3538 8698
837D183D-A5E8-32D7-DF80-595498653CAA,Wayne Leal,praesent.eu.dui@outlok.net,https://gitlub.com/praesent.eu.dui,(81)7815 3691
D7E6352D-1AA1-6331-C125-81EAB21A6671,McKenzie Sales,nam.porttitor@protomnail.couk,https://gitlub.com/nam.porttitor,(11)6817 7815
12A8A33B-2772-197D-B7AF-C75DF769E6C9,Amelia Cardoso,elementum.sem.vitae@yaho.com,https://linkedyn.com/elementum.sem.vitae,(81)6211 8892
2714DA9B-8136-34D6-932E-DAEC4A98419E,Ezekiel de Barros,auctor.velit@hotnail.edu,https://githab.com/auctor.velit,(81)9639 6831
11116CC7-EDC8-FB45-CB32-2B254B6E75CB,Jade Siqueira,maecenas.mi.felis@gnail.ca,https://githab.com/maecenas.mi.felis,(11)4357 8597
8F942677-731A-EDAC-B581-A33639FBA1DC,Ima Bezerra,dignissim.maecenas@outlok.edu,https://linkedyn.com/dignissim.maecenas,(81)7322 4723
8184C5E3-C635-EE9D-9B23-46B37C2A1892,Maisie Cruz,sit.amet@outlok.couk,https://gitlub.com/sit.amet,(11)6417 4982
0F4DA7C1-3863-A9A5-2B7C-3F970BBC9D66,Tashya Gonzaga,neque.nullam@gnail.org,https://linkedyn.com/neque.nullam,(81)1813 5841
C87BD268-12A6-76D7-DBA5-A626AC4ED6B8,Britanni Souza,proin.velit.sed@hotnail.edu,https://linkedyn.com/proin.velit.sed,(11)8183 1373
2494D2E9-2271-D660-6CB6-388DD88E8528,Kirsten de Melo,nullam.enim@yaho.org,https://githab.com/nullam.enim,(81)4439 8756
3444800D-DD81-1611-1148-BC5317C5ED81,Grace Maciel,eget.metus.eu@hotnail.ca,https://gitlub.com/eget.metus.eu,(11)5425 6225
C5D8A1ED-4ED3-5ABD-2E2B-3B9E29D54BA7,Lionel Das Chagas,tincidunt.vehicula.risus@hotnail.com,https://gitlub.com/tincidunt.vehicula.risus,(81)3416 2223
C519C811-593D-17A6-5648-73133B0B3A3E,Isaiah Braz,a.ultricies.adipiscing@iclowd.net,https://githab.com/a.ultricies.adipiscing,(11)2476 5466
46E13DD2-5292-E3BD-BBD4-8FDBEFE7C1AA,Darrel Amorim,tristique.senectus.et@iclowd.ca,https://githab.com/tristique.senectus.et,(11)6655 1836
25D729A9-9840-ACC4-C66B-EA7452B25EE8,Nevada Leite,nunc@protomnail.ca,https://githab.com/nunc,(81)4580 2333
51531BA3-419C-BF60-11C1-4496687663A6,Kiara Aguiar,urna.suscipit@hotnail.net,https://githab.com/urna.suscipit,(81)5555 6765
CE33BDC9-3BB6-3E2D-0817-AEC16EA12E2C,Bernard Oliveira,egestas.a@iclowd.org,https://linkedyn.com/egestas.a,(81)7715 1639
9BF52653-CDA6-5B17-2852-B311420CE118,Axel Marinho,mauris@protomnail.couk,https://linkedyn.com/mauris,(11)6324 3595
564612AE-2C93-9CA0-E67A-1A272D379CAB,Clarke Sampaio,nunc.id@hotnail.net,https://githab.com/nunc.id,(11)7414 3824
EAA42622-63A6-4C45-8451-D3E93B2EC396,Hashim Rodrigues,neque.non@yaho.net,https://linkedyn.com/neque.non,(11)5847 4881
52EBE799-CC27-3CB7-3CB8-C4EE1E4FAE13,Elijah Rocha,urna.vivamus.molestie@hotnail.couk,https://linkedyn.com/urna.vivamus.molestie,(11)8579 3680
E2DE44C3-9DDD-3478-7459-E241167EBDD6,Libby Moreira,mi@yaho.org,https://linkedyn.com/mi,(81)4146 7443
4DC65CFC-8B1D-4A6E-111E-4348FF7251B9,Zeph de Melo,aliquam.arcu@iclowd.edu,https://gitlub.com/aliquam.arcu,(81)7456 2691
82FA19C3-B1E6-EF11-2BF2-E18CDEBB7C8E,Chase Guedes,phasellus@protomnail.couk,https://gitlub.com/phasellus,(81)7628 1435
1CA9BD51-5EA6-4295-B825-ADE8872AA851,Geoffrey Rocha,urna.nec@iclowd.net,https://githab.com/urna.nec,(81)2710 8346
1D819A94-A187-2ECF-10AE-1C8A53279811,Tarik Miranda,adipiscing.elit.aliquam@yaho.ca,https://githab.com/adipiscing.elit.aliquam,(11)1415 6289
54EB5287-2F5F-9447-5CEA-8AC5B86A8819,Elliott Bispo,etiam@outlok.edu,https://gitlub.com/etiam,(81)9837 3727
1B9CD958-E7E2-F6D3-4BC9-8BB6BCFA191E,Zoe Santos,mus.proin.vel@gnail.net,https://githab.com/mus.proin.vel,(81)2332 7339
D88DAC58-169E-1767-5BD3-189DD279FBA6,Dane Feitosa,eget@hotnail.net,https://githab.com/eget,(11)6784 7168
84ADA69C-CCF0-27C1-116B-081E745D5518,Rhoda Pinheiro,sem.nulla.interdum@hotnail.couk,https://gitlub.com/sem.nulla.interdum,(11)3255 7312
B93A35A2-EDD3-81F2-D37D-C8464764B8B5,Charles Brandao,a.facilisis@outlok.edu,https://githab.com/a.facilisis,(11)8834 1138
9E5BA2C8-DDA5-2869-8310-8A5912E4A3CD,Erich Farias,nec.ante@iclowd.ca,https://githab.com/nec.ante,(81)3281 3284
486AC6E6-2A2D-AA54-6A72-9732A45E394D,Alma Melo,magna.a.tortor@hotnail.couk,https://githab.com/magna.a.tortor,(11)2373 3453
D1E62A67-156A-D213-C7B3-5E3A44EEC749,Fredericka Sousa,consequat@protomnail.ca,https://gitlub.com/consequat,(81)8781 3789
4EBE2B3F-1E2D-7B11-99A4-BBCB85528D97,Samantha de Moraes,aliquam.gravida.mauris@hotnail.com,https://gitlub.com/aliquam.gravida.mauris,(11)1465 5292
ADB8E77B-3D97-5BE8-2EB6-A5E511E81CB5,Emerson Gomes,nonummy.ultricies@protomnail.net,https://linkedyn.com/nonummy.ultricies,(81)8172 6571
2F9F6AF7-AEA7-DD73-811E-DCBAB757A713,Craig Vieira,at.auctor@outlok.ca,https://githab.com/at.auctor,(81)6231 6370
D7B7C624-5DE7-BE44-D14E-617474C96819,Germane Costa,amet@iclowd.couk,https://githab.com/amet,(11)3330 6729
6CEC3A22-1224-DB77-5F83-915982B94B5B,Lucian Pinto,eu.euismod@iclowd.org,https://githab.com/eu.euismod,(11)6149 1522
8F8C42EA-CD30-CEA2-95CC-C88EB84CB53B,Blaze Domingues,condimentum@yaho.org,https://linkedyn.com/condimentum,(11)8137 9186
C54C4B96-E32C-42C3-5659-C58CB6777CE7,Nigel Aparecido,mus.proin.vel@yaho.couk,https://linkedyn.com/mus.proin.vel,(81)8251 5338
761545E1-448C-4B67-E99B-6C7D1DA28A71,Len Das Neves,sit@outlok.com,https://linkedyn.com/sit,(81)4136 2425
ADD89318-D72B-AE37-622D-9629932C120A,Baxter Cabral,nec.enim@outlok.com,https://githab.com/nec.enim,(81)1711 4152
3DA71184-CA73-6E32-8B3B-1E76232AA3A5,Carolyn Faria,lorem.ipsum@hotnail.com,https://githab.com/lorem.ipsum,(81)2113 7538
C7E43542-94B4-AD72-B724-0D75294F3281,Ignatius Rezende,malesuada.augue.ut@protomnail.com,https://linkedyn.com/malesuada.augue.ut,(81)5445 6616
1A0A715B-6D68-8EDC-8933-4C4D46D354C5,Illana Magalhaes,enim.suspendisse@gnail.couk,https://linkedyn.com/enim.suspendisse,(11)2282 2633
EBE1DC66-BA15-DCE6-32A9-4655985CC812,Xandra de Castro,euismod.enim@yaho.org,https://linkedyn.com/euismod.enim,(11)1313 9137
F4279F78-1588-ED60-137C-5D1D4BB429D3,Alana Queiroz,montes.nascetur@gnail.couk,https://githab.com/montes.nascetur,(11)2318 4267
15AE8A7F-497D-1B60-1FA3-7E31A9AA9BBD,Colt Lemos,sollicitudin.adipiscing@yaho.net,https://linkedyn.com/sollicitudin.adipiscing,(81)6983 5625
6B6526A4-4EBC-960B-0F92-E9ED464B1559,Lenore Henrique,aliquam.nec@outlok.org,https://linkedyn.com/aliquam.nec,(11)2282 6332
542ABA6D-BA62-B25E-95FE-EA27621E75EA,Vivian Garcia,a.ultricies@yaho.edu,https://githab.com/a.ultricies,(81)3390 4668
D4B66381-EF91-C4C9-EE56-6D14B825E11A,Hermione Trindade,massa.quisque@yaho.net,https://gitlub.com/massa.quisque,(81)8661 7218
118156B1-2729-F642-3515-173C4761392B,Martina Das Neves,malesuada.integer@iclowd.org,https://linkedyn.com/malesuada.integer,(81)6383 1611
FFD5B7DE-84C3-5765-ACE6-69E67545F4E3,Davis Pinheiro,eu.augue.porttitor@protomnail.net,https://gitlub.com/eu.augue.porttitor,(81)6874 1978
131181F1-3A33-338B-433E-35ACBD7FED12,Quintessa Paiva,mi@hotnail.net,https://gitlub.com/mi,(81)8750 3840
B1A2376E-1A19-74C2-F276-FCB5897E1C55,Mason de Paula,volutpat.ornare@outlok.ca,https://githab.com/volutpat.ornare,(81)1139 8485
A99EB7EB-C2D4-71D7-113A-B7481530AAB2,Victor de Santana,morbi@yaho.org,https://githab.com/morbi,(11)2958 6213
8D3F52E2-8AE6-B5E1-E85E-869C950EDD5C,Mari Felix,ad.litora.torquent@gnail.edu,https://githab.com/ad.litora.torquent,(11)8114 9562
15CDEF12-3F13-D59D-0C50-6A76A1653451,Rashad da Silva,quam.curabitur.vel@hotnail.ca,https://linkedyn.com/quam.curabitur.vel,(11)1821 8527
C7B8D612-4A7C-4499-DD64-939CD2297D33,Coby Melo,facilisi@protomnail.org,https://linkedyn.com/facilisi,(81)8116 2859
E789A559-875B-EE28-10F5-F6ECEEB637B4,Wayne Brito,quisque@yaho.org,https://githab.com/quisque,(11)5574 6725
E197FF11-386C-49EF-8F44-38792B398CF4,Gil de Moraes,ullamcorper.duis.at@iclowd.edu,https://linkedyn.com/ullamcorper.duis.at,(81)1177 8192
D6B5D191-8125-72DB-5415-B27B8E43762A,Alisa de Carvalho,molestie.arcu.sed@hotnail.org,https://linkedyn.com/molestie.arcu.sed,(81)4143 8223
2DCAA795-637B-5E39-FAD5-736E71A4BC73,Rachel de Campos,vivamus@protomnail.couk,https://gitlub.com/vivamus,(11)5379 4758
36D51B78-CA1D-20A8-B6E2-3E87A954AC00,Maile de Moraes,proin.sed@hotnail.edu,https://githab.com/proin.sed,(81)8137 3711
1113C50D-C934-4D3A-3123-9A1A73B8A9D9,Calista Matos,ante.dictum@yaho.org,https://gitlub.com/ante.dictum,(11)3935 7614
63C721BE-7761-D49C-B6E4-965E7D1B9C14,Alexander Das Neves,eget.venenatis@outlok.com,https://linkedyn.com/eget.venenatis,(11)4916 2885
87D57AC4-4A97-581B-DA8D-68816E77576B,Kimberley Peixoto,convallis.in@iclowd.net,https://githab.com/convallis.in,(81)9577 8784
B8E34D64-C4AE-8817-C6D5-68119E23D32B,Salvador Braga,at.velit.pellentesque@outlok.ca,https://linkedyn.com/at.velit.pellentesque,(81)6154 5757
739B411A-7511-9A87-33EC-A841C612FC85,Oren Santana,duis@gnail.org,https://gitlub.com/duis,(81)2454 7798
AC2DE112-CE7A-7D9B-4987-6D524A6A98DE,Cecilia Maciel,malesuada.malesuada@protomnail.org,https://linkedyn.com/malesuada.malesuada,(11)1881 5233
CCDDDADD-61A3-7836-E34D-27C11ECED63E,Hasad de Souza,aliquam.adipiscing.lobortis@gnail.edu,https://linkedyn.com/aliquam.adipiscing.lobortis,(81)1258 8424
662E6117-61AC-A528-7857-62D0A99665B0,Jarrod Pereira,quam.elementum@yaho.couk,https://githab.com/quam.elementum,(11)3878 1187
3A897C58-8270-F658-9B21-D4BF319EC116,Amethyst Reis,auctor.mauris@outlok.couk,https://linkedyn.com/auctor.mauris,(81)2721 6111
7F9D77ED-1C77-E2ED-5967-A768BEDA3A96,Jane de Souza,non@iclowd.edu,https://linkedyn.com/non,(81)3710 3323
6CA97E33-111F-7249-74DF-5B3758D74838,Iris de Melo,lobortis@outlok.couk,https://linkedyn.com/lobortis,(81)9338 4211
117872C4-FA3C-646B-5CD1-D99CD8156D4F,Leroy Reis,massa.integer.vitae@outlok.org,https://gitlub.com/massa.integer.vitae,(11)3647 9875
91111815-3DA2-9668-6AD5-95A1F9811E8A,Scarlett de Santana,hendrerit.id@iclowd.couk,https://githab.com/hendrerit.id,(81)8930 2766
E8758FF1-E57A-754E-526D-C178C59690F7,Ryder Galdino,consectetuer@outlok.org,https://githab.com/consectetuer,(11)9141 6141
719159D7-4812-AAA1-9FEA-66E30C1113C5,Nadine Xavier,phasellus@protomnail.couk,https://githab.com/phasellus,(11)4375 8784
127D9E84-BE43-5681-E256-8B394A51AADE,Murphy Viana,nonummy.ultricies@gnail.net,https://gitlub.com/nonummy.ultricies,(81)7630 7258
CA6AABB2-310D-4A8B-98C7-E2E2214931C9,Damon de Carvalho,risus@iclowd.net,https://gitlub.com/risus,(11)7963 3547
0C136987-6227-CA38-AD7D-A58A234D66E2,Heather Ferreira,fringilla.mi@gnail.org,https://githab.com/fringilla.mi,(11)6348 4637
477765C2-5E8F-6B40-64FD-F881D37441A5,Lamar Leal,tellus@yaho.net,https://gitlub.com/tellus,(81)7468 1464
B5495884-1E2A-ADD2-9BA3-89AE9A779C6B,Drake Sales,bibendum.fermentum@gnail.net,https://linkedyn.com/bibendum.fermentum,(81)4458 1121
D8386316-5E94-2A54-2A9A-DA1F9446A852,Wade de Freitas,enim@iclowd.com,https://githab.com/enim,(81)3765 1259
F0F67321-9980-3081-472C-681394A9A0C0,Todd Matos,sed.neque@protomnail.net,https://githab.com/sed.neque,(81)8141 7492
88B93343-664B-D1E6-4D96-3FED4B562ACD,Shaeleigh Freire,nec.diam@yaho.couk,https://linkedyn.com/nec.diam,(81)4355 5481
61442B7D-91B8-8A81-C117-BA9958816134,Marvin Carvalho,orci@yaho.ca,https://githab.com/orci,(81)6315 4673
C1427B16-46DD-5AC6-0C22-D56CBCC1B7C6,Alfreda Braga,mi.pede@hotnail.edu,https://githab.com/mi.pede,(81)8683 1643
4D214BE7-7E24-8C62-B9AA-FC10E6856DB4,Alfonso Vieira,ut@hotnail.couk,https://githab.com/ut,(11)8179 7145
7A637B78-EE5C-32B4-2A82-E1AF42E92A72,Noelle Muniz,auctor.velit@hotnail.org,https://githab.com/auctor.velit,(11)8763 7381
329D281F-BFDC-4E94-38C1-19567E8173D7,Eric Furtado,bibendum.ullamcorper.duis@outlok.ca,https://gitlub.com/bibendum.ullamcorper.duis,(81)8147 2512
4D1FC47F-3CAB-37F8-DA48-152C8EB21B1C,Bradley Alves,ipsum.primis@hotnail.org,https://gitlub.com/ipsum.primis,(11)6471 8312
81DD2A21-EFBD-166E-17BC-6C42EC2E99A1,Sophia Chagas,ullamcorper.magna@outlok.com,https://gitlub.com/ullamcorper.magna,(81)4548 3975
E51658DB-DDF5-8E3E-8575-8168D8111E9C,Branden Bueno,enim.curabitur@protomnail.net,https://linkedyn.com/enim.curabitur,(11)6983 1678
E99887C5-1172-8111-1F2F-4E11E4A7BAA4,Christopher Matias,dolor.donec.fringilla@iclowd.couk,https://gitlub.com/dolor.donec.fringilla,(11)1177 9447
BC9CE35A-968D-76A4-C761-1E4747BEAA9D,Keegan Moura,ultrices.mauris@hotnail.couk,https://githab.com/ultrices.mauris,(11)7176 8974
DD52DBBC-D751-E7C3-77A3-E2E81A432C8D,Beau Galdino,parturient.montes@gnail.org,https://githab.com/parturient.montes,(11)1385 2862
E75EBBE0-E29A-853B-260A-C11AC5F6E274,Jasmine dos Reis,mollis.lectus@hotnail.couk,https://gitlub.com/mollis.lectus,(81)7811 7367
81F26818-299D-EE93-3D78-B876F6A55B21,Rebekah Santos,enim.non@iclowd.net,https://linkedyn.com/enim.non,(11)4687 2382
1C60C8E3-68BE-2F60-947A-E6DC59ABDD8C,Guy Gonçalves,nunc@protomnail.edu,https://gitlub.com/nunc,(11)1145 7842
1C8E7816-5D58-E29C-B5EC-1AB87591166A,Macaulay Oliveira,mollis.dui.in@iclowd.edu,https://githab.com/mollis.dui.in,(81)5786 6850
AFD77C9E-BB2E-99DE-642D-CD938171AB9E,Melinda Feitosa,morbi.accumsan@yaho.net,https://githab.com/morbi.accumsan,(11)3646 6961
4FCBE278-E4A5-D196-9E83-9296FED554DA,Magee Moraes,adipiscing.elit@yaho.ca,https://gitlub.com/adipiscing.elit,(81)7628 3913
793814CF-A365-2B8A-9510-6E541533D54A,Marsden Macedo,quisque.ac.libero@gnail.edu,https://gitlub.com/quisque.ac.libero,(81)7423 7847
54D4A3B1-38A8-AD3A-1299-CDE7D19F57ED,Silas Sousa,mollis.dui.in@outlok.ca,https://gitlub.com/mollis.dui.in,(11)3811 2136
94AF32DB-99BE-AE7A-7481-4C9BF3F1B145,Darius de Brito,mauris.ut@iclowd.com,https://gitlub.com/mauris.ut,(11)9394 6584
124355AE-1649-6E26-FBC9-6AA3B942C216,Stuart da Silva,ante.lectus@hotnail.org,https://gitlub.com/ante.lectus,(81)7130 2270
2635958B-F629-5AB8-CA47-1BBDDEC9AE4D,Patrick da Cruz,vivamus.sit@gnail.edu,https://gitlub.com/vivamus.sit,(11)7246 7578
D9CC16C3-435C-1166-6AD3-B9E0A34C7535,Jakeem Gonçalves,nec.metus@hotnail.ca,https://githab.com/nec.metus,(81)8281 1259
D8D3E1A4-B11B-27C9-981B-73C394263A26,Brett Freitas,suspendisse.commodo@protomnail.edu,https://linkedyn.com/suspendisse.commodo,(11)4712 7811
28ED7C38-5DB2-8A38-3C38-88D5DC331337,Ginger Carvalho,augue@outlok.couk,https://gitlub.com/augue,(81)3917 6911
A3F5F299-6236-5BB5-71D9-C4845D17451C,Dane Tavares,curae@gnail.edu,https://gitlub.com/curae,(11)1321 4376
